{
    "status": "completed",
    "model_version": "MONAI RetinaNet v0.6.9 (CPU)",
    "inference_time_ms": 36015,
    "nodules": [
        {
            "nodule_id": "nodule_real_1",
            "centroid": [
                61,
                106,
                119
            ],
            "bounding_box": [
                [
                    50,
                    94,
                    108
                ],
                [
                    72,
                    118,
                    131
                ]
            ],
            "raw_centroid": [
                14.84,
                151.77,
                146.58
            ],
            "raw_bounding_box": [
                [
                    12.28,
                    147.31,
                    142.15
                ],
                [
                    17.41,
                    156.23,
                    151.01
                ]
            ],
            "world_centroid": [
                -122.58,
                -125.51,
                -118.75
            ],
            "confidence": 0.4351171553134918,
            "size_mm": 27.5,
            "location": "Left Lower Lobe"
        },
        {
            "nodule_id": "nodule_real_2",
            "centroid": [
                176,
                292,
                405
            ],
            "bounding_box": [
                [
                    171,
                    286,
                    399
                ],
                [
                    182,
                    299,
                    412
                ]
            ],
            "raw_centroid": [
                42.75,
                81.71,
                39.34
            ],
            "raw_bounding_box": [
                [
                    41.42,
                    79.24,
                    36.92
                ],
                [
                    44.09,
                    84.18,
                    41.76
                ]
            ],
            "world_centroid": [
                67.35,
                -1.99,
                -127.5
            ],
            "confidence": 0.3285687267780304,
            "size_mm": 13.75,
            "location": "Right Upper Lobe"
        }
    ]
}