{
    "status": "completed",
    "model_version": "MONAI RetinaNet v0.6.9 (CPU)",
    "inference_time_ms": 35372,
    "nodules": [
        {
            "nodule_id": "nodule_real_1",
            "centroid": [
                86,
                213,
                164
            ],
            "bounding_box": [
                [
                    71,
                    198,
                    149
                ],
                [
                    102,
                    229,
                    180
                ]
            ],
            "raw_centroid": [
                19.95,
                111.35,
                129.74
            ],
            "raw_bounding_box": [
                [
                    16.44,
                    105.61,
                    124.05
                ],
                [
                    23.45,
                    117.08,
                    135.43
                ]
            ],
            "world_centroid": [
                -63.61,
                40.86,
                -436.7
            ],
            "confidence": 0.9985337257385254,
            "size_mm": 31.0,
            "location": "Left Lower Lobe"
        },
        {
            "nodule_id": "nodule_real_2",
            "centroid": [
                34,
                420,
                154
            ],
            "bounding_box": [
                [
                    17,
                    402,
                    136
                ],
                [
                    52,
                    438,
                    173
                ]
            ],
            "raw_centroid": [
                8.04,
                33.87,
                133.46
            ],
            "raw_bounding_box": [
                [
                    4.02,
                    27.03,
                    126.42
                ],
                [
                    12.07,
                    40.7,
                    140.5
                ]
            ],
            "world_centroid": [
                -70.27,
                178.73,
                -430.7
            ],
            "confidence": 0.34046974778175354,
            "size_mm": 35.0,
            "location": "Left Lower Lobe"
        }
    ]
}